23	23_1	23_10ecbplus.xml	1	30	British	True	-
23	23_1	23_10ecbplus.xml	1	31	climber	True	(1)
23	23_1	23_10ecbplus.xml	1	32	dies	True	-
23	23_1	23_10ecbplus.xml	1	33	in	True	-
23	23_1	23_10ecbplus.xml	1	34	New	True	-
23	23_1	23_10ecbplus.xml	1	35	Zealand	True	-
23	23_1	23_10ecbplus.xml	1	36	fall	True	-
23	23_1	23_10ecbplus.xml	2	37	Robert	True	(1
23	23_1	23_10ecbplus.xml	2	38	Buckley	True	1)
23	23_1	23_10ecbplus.xml	2	39	the	True	-
23	23_1	23_10ecbplus.xml	2	40	second	True	-
23	23_1	23_10ecbplus.xml	2	41	climber	True	-
23	23_1	23_10ecbplus.xml	2	42	to	True	-
23	23_1	23_10ecbplus.xml	2	43	die	True	-
23	23_1	23_10ecbplus.xml	2	44	in	True	-
23	23_1	23_10ecbplus.xml	2	45	the	True	(0
23	23_1	23_10ecbplus.xml	2	46	Aoraki	True	-
23	23_1	23_10ecbplus.xml	2	47	-	True	-
23	23_1	23_10ecbplus.xml	2	48	Mount	True	-
23	23_1	23_10ecbplus.xml	2	49	Cook	True	-
23	23_1	23_10ecbplus.xml	2	50	national	True	-
23	23_1	23_10ecbplus.xml	2	51	park	True	0)
23	23_1	23_10ecbplus.xml	2	52	at	True	-
23	23_1	23_10ecbplus.xml	2	53	the	True	-
23	23_1	23_10ecbplus.xml	2	54	weekend	True	-
23	23_1	23_10ecbplus.xml	4	63	A	True	-
23	23_1	23_10ecbplus.xml	4	64	British	True	-
23	23_1	23_10ecbplus.xml	4	65	climber	True	(1)
23	23_1	23_10ecbplus.xml	4	66	has	True	-
23	23_1	23_10ecbplus.xml	4	67	fallen	True	-
23	23_1	23_10ecbplus.xml	4	68	to	True	-
23	23_1	23_10ecbplus.xml	4	69	his	True	-
23	23_1	23_10ecbplus.xml	4	70	death	True	-
23	23_1	23_10ecbplus.xml	4	71	in	True	(8
23	23_1	23_10ecbplus.xml	4	72	New	True	-
23	23_1	23_10ecbplus.xml	4	73	Zealand	True	8)
23	23_1	23_10ecbplus.xml	4	74	.	True	-
23	23_1	23_10ecbplus.xml	13	227	The	True	-
23	23_1	23_10ecbplus.xml	13	228	day	True	-
23	23_1	23_10ecbplus.xml	13	229	before	True	-
23	23_1	23_10ecbplus.xml	13	230	Buckley's	True	(1)
23	23_1	23_10ecbplus.xml	13	231	death	True	-
23	23_1	23_10ecbplus.xml	13	232	another	True	-
23	23_1	23_10ecbplus.xml	13	233	climber	True	-
23	23_1	23_10ecbplus.xml	13	234	,	True	-
23	23_1	23_10ecbplus.xml	13	235	36	True	-
23	23_1	23_10ecbplus.xml	13	236	-	True	-
23	23_1	23_10ecbplus.xml	13	237	year	True	-
23	23_1	23_10ecbplus.xml	13	238	-	True	-
23	23_1	23_10ecbplus.xml	13	239	old	True	-
23	23_1	23_10ecbplus.xml	13	240	Duncan	True	(6
23	23_1	23_10ecbplus.xml	13	241	Rait	True	6)
23	23_1	23_10ecbplus.xml	13	242	,	True	-
23	23_1	23_10ecbplus.xml	13	243	died	True	-
23	23_1	23_10ecbplus.xml	13	244	after	True	-
23	23_1	23_10ecbplus.xml	13	245	slipping	True	-
23	23_1	23_10ecbplus.xml	13	246	and	True	-
23	23_1	23_10ecbplus.xml	13	247	falling	True	-
23	23_1	23_10ecbplus.xml	13	248	about	True	-
23	23_1	23_10ecbplus.xml	13	249	200	True	-
23	23_1	23_10ecbplus.xml	13	250	feet	True	-
23	23_1	23_10ecbplus.xml	13	251	from	True	(0
23	23_1	23_10ecbplus.xml	13	252	a	True	-
23	23_1	23_10ecbplus.xml	13	253	ridge	True	-
23	23_1	23_10ecbplus.xml	13	254	in	True	-
23	23_1	23_10ecbplus.xml	13	255	the	True	-
23	23_1	23_10ecbplus.xml	13	256	same	True	-
23	23_1	23_10ecbplus.xml	13	257	national	True	-
23	23_1	23_10ecbplus.xml	13	258	park	True	0)
23	23_1	23_10ecbplus.xml	13	259	.	True	-
23	23_0	23_4ecb.xml	0	1	Mark	True	(31
23	23_0	23_4ecb.xml	0	2	Vinar	True	31)
23	23_0	23_4ecb.xml	0	3	,	True	-
23	23_0	23_4ecb.xml	0	4	an	True	-
23	23_0	23_4ecb.xml	0	5	Australian	True	-
23	23_0	23_4ecb.xml	0	6	climber	True	-
23	23_0	23_4ecb.xml	0	7	from	True	-
23	23_0	23_4ecb.xml	0	8	Perth	True	(33)
23	23_0	23_4ecb.xml	0	9	,	True	-
23	23_0	23_4ecb.xml	0	10	has	True	-
23	23_0	23_4ecb.xml	0	11	been	True	-
23	23_0	23_4ecb.xml	0	12	presumed	True	-
23	23_0	23_4ecb.xml	0	13	dead	True	-
23	23_0	23_4ecb.xml	0	14	after	True	-
23	23_0	23_4ecb.xml	0	15	falling	True	-
23	23_0	23_4ecb.xml	0	16	over	True	-
23	23_0	23_4ecb.xml	0	17	half	True	-
23	23_0	23_4ecb.xml	0	18	a	True	-
23	23_0	23_4ecb.xml	0	19	kilometre	True	-
23	23_0	23_4ecb.xml	0	20	from	True	-
23	23_0	23_4ecb.xml	0	21	New	True	(43
23	23_0	23_4ecb.xml	0	22	Zealand	True	-
23	23_0	23_4ecb.xml	0	23	's	True	-
23	23_0	23_4ecb.xml	0	24	highest	True	-
23	23_0	23_4ecb.xml	0	25	peak	True	-
23	23_0	23_4ecb.xml	0	26	,	True	-
23	23_0	23_4ecb.xml	0	27	Mount	True	-
23	23_0	23_4ecb.xml	0	28	Cook	True	43)
23	23_0	23_4ecb.xml	0	29	.	True	-
23	23_0	23_9ecb.xml	0	1	An	True	-
23	23_0	23_9ecb.xml	0	2	Australian	True	-
23	23_0	23_9ecb.xml	0	3	climber	True	(36)
23	23_0	23_9ecb.xml	0	4	who	True	-
23	23_0	23_9ecb.xml	0	5	survived	True	-
23	23_0	23_9ecb.xml	0	6	two	True	(35
23	23_0	23_9ecb.xml	0	7	nights	True	35)
23	23_0	23_9ecb.xml	0	8	stuck	True	-
23	23_0	23_9ecb.xml	0	9	on	True	-
23	23_0	23_9ecb.xml	0	10	Mount	True	(32
23	23_0	23_9ecb.xml	0	11	Cook	True	32)
23	23_0	23_9ecb.xml	0	12	after	True	-
23	23_0	23_9ecb.xml	0	13	seeing	True	-
23	23_0	23_9ecb.xml	0	14	his	True	-
23	23_0	23_9ecb.xml	0	15	brother	True	(42)
23	23_0	23_9ecb.xml	0	16	die	True	-
23	23_0	23_9ecb.xml	0	17	also	True	-
23	23_0	23_9ecb.xml	0	18	narrowly	True	-
23	23_0	23_9ecb.xml	0	19	escaped	True	-
23	23_0	23_9ecb.xml	0	20	being	True	-
23	23_0	23_9ecb.xml	0	21	buried	True	-
23	23_0	23_9ecb.xml	0	22	alive	True	-
23	23_0	23_9ecb.xml	0	23	himself	True	-
23	23_0	23_9ecb.xml	0	24	.	True	-
23	23_1	23_7ecbplus.xml	3	39	Two	True	-
23	23_1	23_7ecbplus.xml	3	40	men	True	-
23	23_1	23_7ecbplus.xml	3	41	have	True	-
23	23_1	23_7ecbplus.xml	3	42	died	True	-
23	23_1	23_7ecbplus.xml	3	43	in	True	-
23	23_1	23_7ecbplus.xml	3	44	separate	True	-
23	23_1	23_7ecbplus.xml	3	45	climbing	True	-
23	23_1	23_7ecbplus.xml	3	46	accidents	True	-
23	23_1	23_7ecbplus.xml	3	47	at	True	(12
23	23_1	23_7ecbplus.xml	3	48	Mt	True	-
23	23_1	23_7ecbplus.xml	3	49	Cook	True	12)
23	23_1	23_7ecbplus.xml	3	50	this	True	-
23	23_1	23_7ecbplus.xml	3	51	weekend	True	-
23	23_1	23_7ecbplus.xml	3	52	.	True	-
23	23_1	23_7ecbplus.xml	5	76	The	True	-
23	23_1	23_7ecbplus.xml	5	77	climber	True	(1)
23	23_1	23_7ecbplus.xml	5	78	fell	True	-
23	23_1	23_7ecbplus.xml	5	79	in	True	-
23	23_1	23_7ecbplus.xml	5	80	fading	True	-
23	23_1	23_7ecbplus.xml	5	81	light	True	-
23	23_1	23_7ecbplus.xml	5	82	yesterday	True	(2)
23	23_1	23_7ecbplus.xml	5	83	near	True	(25
23	23_1	23_7ecbplus.xml	5	84	the	True	-
23	23_1	23_7ecbplus.xml	5	85	Mt	True	-
23	23_1	23_7ecbplus.xml	5	86	Sefton	True	-
23	23_1	23_7ecbplus.xml	5	87	Bivvy	True	25)
23	23_1	23_7ecbplus.xml	5	88	,	True	-
23	23_1	23_7ecbplus.xml	5	89	and	True	-
23	23_1	23_7ecbplus.xml	5	90	rescue	True	-
23	23_1	23_7ecbplus.xml	5	91	teams	True	-
23	23_1	23_7ecbplus.xml	5	92	were	True	-
23	23_1	23_7ecbplus.xml	5	93	unable	True	-
23	23_1	23_7ecbplus.xml	5	94	to	True	-
23	23_1	23_7ecbplus.xml	5	95	reach	True	-
23	23_1	23_7ecbplus.xml	5	96	him	True	(1)
23	23_1	23_7ecbplus.xml	5	97	or	True	-
23	23_1	23_7ecbplus.xml	5	98	his	True	-
23	23_1	23_7ecbplus.xml	5	99	companions	True	(9)
23	23_1	23_7ecbplus.xml	5	100	due	True	-
23	23_1	23_7ecbplus.xml	5	101	to	True	-
23	23_1	23_7ecbplus.xml	5	102	the	True	-
23	23_1	23_7ecbplus.xml	5	103	weather	True	-
23	23_1	23_7ecbplus.xml	5	104	.	True	-
23	23_1	23_7ecbplus.xml	7	120	The	True	-
23	23_1	23_7ecbplus.xml	7	121	first	True	-
23	23_1	23_7ecbplus.xml	7	122	of	True	-
23	23_1	23_7ecbplus.xml	7	123	the	True	-
23	23_1	23_7ecbplus.xml	7	124	deaths	True	-
23	23_1	23_7ecbplus.xml	7	125	this	True	-
23	23_1	23_7ecbplus.xml	7	126	weekend	True	-
23	23_1	23_7ecbplus.xml	7	127	was	True	-
23	23_1	23_7ecbplus.xml	7	128	that	True	-
23	23_1	23_7ecbplus.xml	7	129	of	True	-
23	23_1	23_7ecbplus.xml	7	130	a	True	-
23	23_1	23_7ecbplus.xml	7	131	New	True	-
23	23_1	23_7ecbplus.xml	7	132	Zealand	True	-
23	23_1	23_7ecbplus.xml	7	133	climber	True	(1)
23	23_1	23_7ecbplus.xml	7	134	who	True	-
23	23_1	23_7ecbplus.xml	7	135	fell	True	-
23	23_1	23_7ecbplus.xml	7	136	on	True	-
23	23_1	23_7ecbplus.xml	7	137	Friday	True	-
23	23_1	23_7ecbplus.xml	7	138	morning	True	-
23	23_1	23_7ecbplus.xml	7	139	.	True	-
23	23_0	23_2ecb.xml	0	1	Dr	True	-
23	23_0	23_2ecb.xml	0	2	Mark	True	(31
23	23_0	23_2ecb.xml	0	3	Vinar	True	31)
23	23_0	23_2ecb.xml	0	4	,	True	-
23	23_0	23_2ecb.xml	0	5	43	True	-
23	23_0	23_2ecb.xml	0	6	,	True	-
23	23_0	23_2ecb.xml	0	7	is	True	-
23	23_0	23_2ecb.xml	0	8	presumed	True	-
23	23_0	23_2ecb.xml	0	9	dead	True	-
23	23_0	23_2ecb.xml	0	10	after	True	-
23	23_0	23_2ecb.xml	0	11	disappearing	True	-
23	23_0	23_2ecb.xml	0	12	off	True	(32
23	23_0	23_2ecb.xml	0	13	Zurbriggens	True	-
23	23_0	23_2ecb.xml	0	14	Ridge	True	-
23	23_0	23_2ecb.xml	0	15	,	True	-
23	23_0	23_2ecb.xml	0	16	on	True	-
23	23_0	23_2ecb.xml	0	17	Mt	True	-
23	23_0	23_2ecb.xml	0	18	Cook	True	32)
23	23_0	23_2ecb.xml	0	19	,	True	-
23	23_0	23_2ecb.xml	0	20	on	True	-
23	23_0	23_2ecb.xml	0	21	Thursday	True	-
23	23_0	23_2ecb.xml	0	22	.	True	-
23	23_1	23_4ecbplus.xml	2	43	Australian	True	-
23	23_1	23_4ecbplus.xml	2	44	,	True	-
23	23_1	23_4ecbplus.xml	2	45	English	True	-
23	23_1	23_4ecbplus.xml	2	46	climbers	True	(10)
23	23_1	23_4ecbplus.xml	2	47	fall	True	-
23	23_1	23_4ecbplus.xml	2	48	to	True	-
23	23_1	23_4ecbplus.xml	2	49	their	True	-
23	23_1	23_4ecbplus.xml	2	50	deaths	True	-
23	23_1	23_4ecbplus.xml	2	51	in	True	(14
23	23_1	23_4ecbplus.xml	2	52	New	True	-
23	23_1	23_4ecbplus.xml	2	53	Zealand	True	-
23	23_1	23_4ecbplus.xml	2	54	mountains	True	14)
23	23_1	23_4ecbplus.xml	3	55	One	True	-
23	23_1	23_4ecbplus.xml	3	56	Australian	True	(1)
23	23_1	23_4ecbplus.xml	3	57	and	True	-
23	23_1	23_4ecbplus.xml	3	58	one	True	-
23	23_1	23_4ecbplus.xml	3	59	English	True	-
23	23_1	23_4ecbplus.xml	3	60	climber	True	(1)
23	23_1	23_4ecbplus.xml	3	61	have	True	-
23	23_1	23_4ecbplus.xml	3	62	fallen	True	-
23	23_1	23_4ecbplus.xml	3	63	to	True	-
23	23_1	23_4ecbplus.xml	3	64	their	True	-
23	23_1	23_4ecbplus.xml	3	65	deaths	True	-
23	23_1	23_4ecbplus.xml	3	66	in	True	(8
23	23_1	23_4ecbplus.xml	3	67	New	True	-
23	23_1	23_4ecbplus.xml	3	68	Zealand	True	8)
23	23_1	23_4ecbplus.xml	3	69	.	True	-
23	23_1	23_4ecbplus.xml	6	117	On	True	(5
23	23_1	23_4ecbplus.xml	6	118	Friday	True	5)
23	23_1	23_4ecbplus.xml	6	119	,	True	-
23	23_1	23_4ecbplus.xml	6	120	36	True	-
23	23_1	23_4ecbplus.xml	6	121	-	True	-
23	23_1	23_4ecbplus.xml	6	122	year	True	-
23	23_1	23_4ecbplus.xml	6	123	-	True	-
23	23_1	23_4ecbplus.xml	6	124	old	True	-
23	23_1	23_4ecbplus.xml	6	125	Duncan	True	(6
23	23_1	23_4ecbplus.xml	6	126	Raite	True	6)
23	23_1	23_4ecbplus.xml	6	127	died	True	-
23	23_1	23_4ecbplus.xml	6	128	after	True	-
23	23_1	23_4ecbplus.xml	6	129	slipping	True	-
23	23_1	23_4ecbplus.xml	6	130	and	True	-
23	23_1	23_4ecbplus.xml	6	131	falling	True	-
23	23_1	23_4ecbplus.xml	6	132	about	True	-
23	23_1	23_4ecbplus.xml	6	133	60	True	-
23	23_1	23_4ecbplus.xml	6	134	metres	True	-
23	23_1	23_4ecbplus.xml	6	135	(	True	-
23	23_1	23_4ecbplus.xml	6	136	200	True	-
23	23_1	23_4ecbplus.xml	6	137	feet	True	-
23	23_1	23_4ecbplus.xml	6	138	)	True	-
23	23_1	23_4ecbplus.xml	6	139	from	True	-
23	23_1	23_4ecbplus.xml	6	140	a	True	(18
23	23_1	23_4ecbplus.xml	6	141	ridge	True	18)
23	23_1	23_4ecbplus.xml	6	142	.	True	-
23	23_1	23_4ecbplus.xml	9	175	On	True	(5
23	23_1	23_4ecbplus.xml	9	176	Saturday	True	5)
23	23_1	23_4ecbplus.xml	9	177	,	True	-
23	23_1	23_4ecbplus.xml	9	178	32	True	-
23	23_1	23_4ecbplus.xml	9	179	-	True	-
23	23_1	23_4ecbplus.xml	9	180	year	True	-
23	23_1	23_4ecbplus.xml	9	181	-	True	-
23	23_1	23_4ecbplus.xml	9	182	old	True	-
23	23_1	23_4ecbplus.xml	9	183	Englishman	True	-
23	23_1	23_4ecbplus.xml	9	184	Robert	True	(1
23	23_1	23_4ecbplus.xml	9	185	Buckley	True	1)
23	23_1	23_4ecbplus.xml	9	186	fell	True	-
23	23_1	23_4ecbplus.xml	9	187	about	True	-
23	23_1	23_4ecbplus.xml	9	188	600	True	-
23	23_1	23_4ecbplus.xml	9	189	metres	True	-
23	23_1	23_4ecbplus.xml	9	190	(	True	-
23	23_1	23_4ecbplus.xml	9	191	2	True	-
23	23_1	23_4ecbplus.xml	9	192	,	True	-
23	23_1	23_4ecbplus.xml	9	193	000	True	-
23	23_1	23_4ecbplus.xml	9	194	feet	True	-
23	23_1	23_4ecbplus.xml	9	195	)	True	-
23	23_1	23_4ecbplus.xml	9	196	while	True	-
23	23_1	23_4ecbplus.xml	9	197	climbing	True	-
23	23_1	23_4ecbplus.xml	9	198	to	True	(3
23	23_1	23_4ecbplus.xml	9	199	a	True	-
23	23_1	23_4ecbplus.xml	9	200	small	True	-
23	23_1	23_4ecbplus.xml	9	201	hut	True	-
23	23_1	23_4ecbplus.xml	9	202	on	True	-
23	23_1	23_4ecbplus.xml	9	203	Mount	True	-
23	23_1	23_4ecbplus.xml	9	204	Sefton	True	3)
23	23_1	23_4ecbplus.xml	9	205	.	True	-
23	23_1	23_3ecbplus.xml	1	48	English	True	-
23	23_1	23_3ecbplus.xml	1	49	and	True	-
23	23_1	23_3ecbplus.xml	1	50	Australian	True	-
23	23_1	23_3ecbplus.xml	1	51	climbers	True	(10)
23	23_1	23_3ecbplus.xml	1	52	fall	True	-
23	23_1	23_3ecbplus.xml	1	53	to	True	-
23	23_1	23_3ecbplus.xml	1	54	their	True	-
23	23_1	23_3ecbplus.xml	1	55	deaths	True	-
23	23_1	23_3ecbplus.xml	1	56	in	True	(14
23	23_1	23_3ecbplus.xml	1	57	New	True	-
23	23_1	23_3ecbplus.xml	1	58	Zealand	True	-
23	23_1	23_3ecbplus.xml	1	59	mountains	True	14)
23	23_1	23_3ecbplus.xml	2	60	One	True	-
23	23_1	23_3ecbplus.xml	2	61	Australian	True	(1)
23	23_1	23_3ecbplus.xml	2	62	and	True	-
23	23_1	23_3ecbplus.xml	2	63	one	True	-
23	23_1	23_3ecbplus.xml	2	64	English	True	-
23	23_1	23_3ecbplus.xml	2	65	climber	True	(1)
23	23_1	23_3ecbplus.xml	2	66	have	True	-
23	23_1	23_3ecbplus.xml	2	67	fallen	True	-
23	23_1	23_3ecbplus.xml	2	68	to	True	-
23	23_1	23_3ecbplus.xml	2	69	their	True	-
23	23_1	23_3ecbplus.xml	2	70	deaths	True	-
23	23_1	23_3ecbplus.xml	2	71	in	True	(8
23	23_1	23_3ecbplus.xml	2	72	New	True	-
23	23_1	23_3ecbplus.xml	2	73	Zealand	True	8)
23	23_1	23_3ecbplus.xml	2	74	.	True	-
23	23_1	23_3ecbplus.xml	6	128	On	True	(5
23	23_1	23_3ecbplus.xml	6	129	Friday	True	5)
23	23_1	23_3ecbplus.xml	6	130	,	True	-
23	23_1	23_3ecbplus.xml	6	131	36	True	-
23	23_1	23_3ecbplus.xml	6	132	-	True	-
23	23_1	23_3ecbplus.xml	6	133	year	True	-
23	23_1	23_3ecbplus.xml	6	134	-	True	-
23	23_1	23_3ecbplus.xml	6	135	old	True	-
23	23_1	23_3ecbplus.xml	6	136	Duncan	True	(6
23	23_1	23_3ecbplus.xml	6	137	Rait	True	6)
23	23_1	23_3ecbplus.xml	6	138	died	True	-
23	23_1	23_3ecbplus.xml	6	139	after	True	-
23	23_1	23_3ecbplus.xml	6	140	slipping	True	-
23	23_1	23_3ecbplus.xml	6	141	and	True	-
23	23_1	23_3ecbplus.xml	6	142	falling	True	-
23	23_1	23_3ecbplus.xml	6	143	about	True	-
23	23_1	23_3ecbplus.xml	6	144	200ft	True	-
23	23_1	23_3ecbplus.xml	6	145	from	True	-
23	23_1	23_3ecbplus.xml	6	146	a	True	(18
23	23_1	23_3ecbplus.xml	6	147	ridge	True	-
23	23_1	23_3ecbplus.xml	6	148	near	True	-
23	23_1	23_3ecbplus.xml	6	149	the	True	-
23	23_1	23_3ecbplus.xml	6	150	Tasman	True	-
23	23_1	23_3ecbplus.xml	6	151	Glacier	True	18)
23	23_1	23_3ecbplus.xml	6	152	.	True	-
23	23_1	23_3ecbplus.xml	10	223	On	True	(5
23	23_1	23_3ecbplus.xml	10	224	Saturday	True	5)
23	23_1	23_3ecbplus.xml	10	225	,	True	-
23	23_1	23_3ecbplus.xml	10	226	32	True	-
23	23_1	23_3ecbplus.xml	10	227	-	True	-
23	23_1	23_3ecbplus.xml	10	228	year	True	-
23	23_1	23_3ecbplus.xml	10	229	-	True	-
23	23_1	23_3ecbplus.xml	10	230	old	True	-
23	23_1	23_3ecbplus.xml	10	231	Englishman	True	-
23	23_1	23_3ecbplus.xml	10	232	Robert	True	(1
23	23_1	23_3ecbplus.xml	10	233	Buckley	True	1)
23	23_1	23_3ecbplus.xml	10	234	,	True	-
23	23_1	23_3ecbplus.xml	10	235	originally	True	-
23	23_1	23_3ecbplus.xml	10	236	from	True	-
23	23_1	23_3ecbplus.xml	10	237	Essex	True	-
23	23_1	23_3ecbplus.xml	10	238	,	True	-
23	23_1	23_3ecbplus.xml	10	239	but	True	-
23	23_1	23_3ecbplus.xml	10	240	living	True	-
23	23_1	23_3ecbplus.xml	10	241	in	True	(8
23	23_1	23_3ecbplus.xml	10	242	Christchurch	True	8)
23	23_1	23_3ecbplus.xml	10	243	,	True	-
23	23_1	23_3ecbplus.xml	10	244	fell	True	-
23	23_1	23_3ecbplus.xml	10	245	about	True	-
23	23_1	23_3ecbplus.xml	10	246	2	True	-
23	23_1	23_3ecbplus.xml	10	247	,	True	-
23	23_1	23_3ecbplus.xml	10	248	000ft	True	-
23	23_1	23_3ecbplus.xml	10	249	while	True	-
23	23_1	23_3ecbplus.xml	10	250	climbing	True	-
23	23_1	23_3ecbplus.xml	10	251	to	True	(3
23	23_1	23_3ecbplus.xml	10	252	a	True	-
23	23_1	23_3ecbplus.xml	10	253	small	True	-
23	23_1	23_3ecbplus.xml	10	254	hut	True	-
23	23_1	23_3ecbplus.xml	10	255	on	True	-
23	23_1	23_3ecbplus.xml	10	256	Mount	True	-
23	23_1	23_3ecbplus.xml	10	257	Sefton	True	3)
23	23_1	23_3ecbplus.xml	10	258	with	True	-
23	23_1	23_3ecbplus.xml	10	259	three	True	-
23	23_1	23_3ecbplus.xml	10	260	companions	True	(9)
23	23_1	23_3ecbplus.xml	10	261	.	True	-
23	23_1	23_6ecbplus.xml	1	36	Australian	True	-
23	23_1	23_6ecbplus.xml	1	37	,	True	-
23	23_1	23_6ecbplus.xml	1	38	English	True	-
23	23_1	23_6ecbplus.xml	1	39	climbers	True	(10)
23	23_1	23_6ecbplus.xml	1	40	killed	True	-
23	23_1	23_6ecbplus.xml	1	41	in	True	(8
23	23_1	23_6ecbplus.xml	1	42	New	True	-
23	23_1	23_6ecbplus.xml	1	43	Zealand	True	8)
23	23_1	23_6ecbplus.xml	3	51	ONE	True	-
23	23_1	23_6ecbplus.xml	3	52	Australian	True	(1)
23	23_1	23_6ecbplus.xml	3	53	and	True	-
23	23_1	23_6ecbplus.xml	3	54	one	True	-
23	23_1	23_6ecbplus.xml	3	55	English	True	-
23	23_1	23_6ecbplus.xml	3	56	climber	True	(1)
23	23_1	23_6ecbplus.xml	3	57	have	True	-
23	23_1	23_6ecbplus.xml	3	58	fallen	True	-
23	23_1	23_6ecbplus.xml	3	59	to	True	-
23	23_1	23_6ecbplus.xml	3	60	their	True	-
23	23_1	23_6ecbplus.xml	3	61	deaths	True	-
23	23_1	23_6ecbplus.xml	3	62	in	True	(8
23	23_1	23_6ecbplus.xml	3	63	New	True	-
23	23_1	23_6ecbplus.xml	3	64	Zealand	True	8)
23	23_1	23_6ecbplus.xml	3	65	,	True	-
23	23_1	23_6ecbplus.xml	3	66	police	True	(4)
23	23_1	23_6ecbplus.xml	3	67	confirmed	True	-
23	23_1	23_6ecbplus.xml	3	68	today	True	-
23	23_1	23_6ecbplus.xml	3	69	.	True	-
23	23_1	23_6ecbplus.xml	6	116	On	True	(5
23	23_1	23_6ecbplus.xml	6	117	Friday	True	5)
23	23_1	23_6ecbplus.xml	6	118	,	True	-
23	23_1	23_6ecbplus.xml	6	119	36	True	-
23	23_1	23_6ecbplus.xml	6	120	-	True	-
23	23_1	23_6ecbplus.xml	6	121	year	True	-
23	23_1	23_6ecbplus.xml	6	122	-	True	-
23	23_1	23_6ecbplus.xml	6	123	old	True	-
23	23_1	23_6ecbplus.xml	6	124	Duncan	True	(6
23	23_1	23_6ecbplus.xml	6	125	Rait	True	6)
23	23_1	23_6ecbplus.xml	6	126	died	True	-
23	23_1	23_6ecbplus.xml	6	127	after	True	-
23	23_1	23_6ecbplus.xml	6	128	slipping	True	-
23	23_1	23_6ecbplus.xml	6	129	and	True	-
23	23_1	23_6ecbplus.xml	6	130	falling	True	-
23	23_1	23_6ecbplus.xml	6	131	about	True	-
23	23_1	23_6ecbplus.xml	6	132	60m	True	-
23	23_1	23_6ecbplus.xml	6	133	from	True	-
23	23_1	23_6ecbplus.xml	6	134	a	True	(18
23	23_1	23_6ecbplus.xml	6	135	ridge	True	-
23	23_1	23_6ecbplus.xml	6	136	near	True	-
23	23_1	23_6ecbplus.xml	6	137	the	True	-
23	23_1	23_6ecbplus.xml	6	138	Tasman	True	-
23	23_1	23_6ecbplus.xml	6	139	Glacier	True	18)
23	23_1	23_6ecbplus.xml	6	140	.	True	-
23	23_1	23_6ecbplus.xml	10	209	On	True	(5
23	23_1	23_6ecbplus.xml	10	210	Saturday	True	5)
23	23_1	23_6ecbplus.xml	10	211	,	True	-
23	23_1	23_6ecbplus.xml	10	212	32	True	-
23	23_1	23_6ecbplus.xml	10	213	-	True	-
23	23_1	23_6ecbplus.xml	10	214	year	True	-
23	23_1	23_6ecbplus.xml	10	215	-	True	-
23	23_1	23_6ecbplus.xml	10	216	old	True	-
23	23_1	23_6ecbplus.xml	10	217	Englishman	True	-
23	23_1	23_6ecbplus.xml	10	218	Robert	True	(1
23	23_1	23_6ecbplus.xml	10	219	Buckley	True	1)
23	23_1	23_6ecbplus.xml	10	220	fell	True	-
23	23_1	23_6ecbplus.xml	10	221	about	True	-
23	23_1	23_6ecbplus.xml	10	222	600m	True	-
23	23_1	23_6ecbplus.xml	10	223	while	True	-
23	23_1	23_6ecbplus.xml	10	224	climbing	True	-
23	23_1	23_6ecbplus.xml	10	225	to	True	-
23	23_1	23_6ecbplus.xml	10	226	a	True	(3
23	23_1	23_6ecbplus.xml	10	227	small	True	-
23	23_1	23_6ecbplus.xml	10	228	hut	True	-
23	23_1	23_6ecbplus.xml	10	229	on	True	-
23	23_1	23_6ecbplus.xml	10	230	Mount	True	-
23	23_1	23_6ecbplus.xml	10	231	Sefton	True	3)
23	23_1	23_6ecbplus.xml	10	232	with	True	-
23	23_1	23_6ecbplus.xml	10	233	three	True	-
23	23_1	23_6ecbplus.xml	10	234	companions	True	(9)
23	23_1	23_6ecbplus.xml	10	235	.	True	-
23	23_0	23_8ecb.xml	0	1	A	True	-
23	23_0	23_8ecb.xml	0	2	climber	True	(36)
23	23_0	23_8ecb.xml	0	3	who	True	-
23	23_0	23_8ecb.xml	0	4	watched	True	-
23	23_0	23_8ecb.xml	0	5	his	True	-
23	23_0	23_8ecb.xml	0	6	brother	True	(42)
23	23_0	23_8ecb.xml	0	7	fall	True	-
23	23_0	23_8ecb.xml	0	8	to	True	-
23	23_0	23_8ecb.xml	0	9	his	True	-
23	23_0	23_8ecb.xml	0	10	death	True	-
23	23_0	23_8ecb.xml	0	11	from	True	-
23	23_0	23_8ecb.xml	0	12	a	True	-
23	23_0	23_8ecb.xml	0	13	notorious	True	-
23	23_0	23_8ecb.xml	0	14	ridge	True	(37)
23	23_0	23_8ecb.xml	0	15	on	True	(32
23	23_0	23_8ecb.xml	0	16	Mt	True	-
23	23_0	23_8ecb.xml	0	17	Cook	True	32)
23	23_0	23_8ecb.xml	0	18	,	True	-
23	23_0	23_8ecb.xml	0	19	is	True	-
23	23_0	23_8ecb.xml	0	20	lucky	True	-
23	23_0	23_8ecb.xml	0	21	to	True	-
23	23_0	23_8ecb.xml	0	22	be	True	-
23	23_0	23_8ecb.xml	0	23	alive	True	-
23	23_0	23_8ecb.xml	0	24	after	True	-
23	23_0	23_8ecb.xml	0	25	two	True	-
23	23_0	23_8ecb.xml	0	26	``	True	-
23	23_0	23_8ecb.xml	0	27	horrific	True	-
23	23_0	23_8ecb.xml	0	28	''	True	-
23	23_0	23_8ecb.xml	0	29	nights	True	-
23	23_0	23_8ecb.xml	0	30	high	True	-
23	23_0	23_8ecb.xml	0	31	on	True	(40
23	23_0	23_8ecb.xml	0	32	the	True	-
23	23_0	23_8ecb.xml	0	33	mountain	True	40)
23	23_0	23_8ecb.xml	0	34	.	True	-
23	23_0	23_10ecb.xml	0	1	Police	True	-
23	23_0	23_10ecb.xml	0	2	say	True	-
23	23_0	23_10ecb.xml	0	3	a	True	-
23	23_0	23_10ecb.xml	0	4	Perth	True	(33)
23	23_0	23_10ecb.xml	0	5	mountain	True	-
23	23_0	23_10ecb.xml	0	6	climber	True	(36)
23	23_0	23_10ecb.xml	0	7	who	True	-
23	23_0	23_10ecb.xml	0	8	watched	True	-
23	23_0	23_10ecb.xml	0	9	his	True	-
23	23_0	23_10ecb.xml	0	10	brother	True	(42)
23	23_0	23_10ecb.xml	0	11	fall	True	-
23	23_0	23_10ecb.xml	0	12	over	True	-
23	23_0	23_10ecb.xml	0	13	the	True	-
23	23_0	23_10ecb.xml	0	14	edge	True	(37)
23	23_0	23_10ecb.xml	0	15	of	True	-
23	23_0	23_10ecb.xml	0	16	New	True	(43
23	23_0	23_10ecb.xml	0	17	Zealand	True	-
23	23_0	23_10ecb.xml	0	18	's	True	-
23	23_0	23_10ecb.xml	0	19	highest	True	-
23	23_0	23_10ecb.xml	0	20	mountain	True	43)
23	23_0	23_10ecb.xml	0	21	is	True	-
23	23_0	23_10ecb.xml	0	22	devastated	True	-
23	23_0	23_10ecb.xml	0	23	.	True	-
23	23_0	23_5ecb.xml	0	1	AN	True	-
23	23_0	23_5ecb.xml	0	2	AUSTRALIAN	True	-
23	23_0	23_5ecb.xml	0	3	climber	True	(36)
23	23_0	23_5ecb.xml	0	4	who	True	-
23	23_0	23_5ecb.xml	0	5	watched	True	-
23	23_0	23_5ecb.xml	0	6	his	True	-
23	23_0	23_5ecb.xml	0	7	brother	True	(42)
23	23_0	23_5ecb.xml	0	8	fall	True	-
23	23_0	23_5ecb.xml	0	9	to	True	-
23	23_0	23_5ecb.xml	0	10	his	True	-
23	23_0	23_5ecb.xml	0	11	death	True	-
23	23_0	23_5ecb.xml	0	12	on	True	-
23	23_0	23_5ecb.xml	0	13	New	True	(43
23	23_0	23_5ecb.xml	0	14	Zealand	True	-
23	23_0	23_5ecb.xml	0	15	's	True	-
23	23_0	23_5ecb.xml	0	16	highest	True	-
23	23_0	23_5ecb.xml	0	17	peak	True	43)
23	23_0	23_5ecb.xml	0	18	said	True	-
23	23_0	23_5ecb.xml	0	19	he	True	(36)
23	23_0	23_5ecb.xml	0	20	was	True	-
23	23_0	23_5ecb.xml	0	21	expecting	True	-
23	23_0	23_5ecb.xml	0	22	to	True	-
23	23_0	23_5ecb.xml	0	23	die	True	-
23	23_0	23_5ecb.xml	0	24	that	True	-
23	23_0	23_5ecb.xml	0	25	night	True	-
23	23_0	23_5ecb.xml	0	26	on	True	-
23	23_0	23_5ecb.xml	0	27	the	True	(40
23	23_0	23_5ecb.xml	0	28	treacherous	True	-
23	23_0	23_5ecb.xml	0	29	mountain	True	40)
23	23_0	23_5ecb.xml	0	30	.	True	-
23	23_1	23_5ecbplus.xml	2	28	Briton	True	(1)
23	23_1	23_5ecbplus.xml	2	29	dies	True	-
23	23_1	23_5ecbplus.xml	2	30	in	True	(0
23	23_1	23_5ecbplus.xml	2	31	New	True	-
23	23_1	23_5ecbplus.xml	2	32	Zealand's	True	-
23	23_1	23_5ecbplus.xml	2	33	Aoraki	True	-
23	23_1	23_5ecbplus.xml	2	34	Mount	True	-
23	23_1	23_5ecbplus.xml	2	35	Cook	True	-
23	23_1	23_5ecbplus.xml	2	36	National	True	-
23	23_1	23_5ecbplus.xml	2	37	Park	True	0)
23	23_1	23_5ecbplus.xml	3	38	A	True	-
23	23_1	23_5ecbplus.xml	3	39	British	True	-
23	23_1	23_5ecbplus.xml	3	40	climber	True	(1)
23	23_1	23_5ecbplus.xml	3	41	has	True	-
23	23_1	23_5ecbplus.xml	3	42	fallen	True	-
23	23_1	23_5ecbplus.xml	3	43	2	True	-
23	23_1	23_5ecbplus.xml	3	44	,	True	-
23	23_1	23_5ecbplus.xml	3	45	000ft	True	-
23	23_1	23_5ecbplus.xml	3	46	to	True	-
23	23_1	23_5ecbplus.xml	3	47	his	True	-
23	23_1	23_5ecbplus.xml	3	48	death	True	-
23	23_1	23_5ecbplus.xml	3	49	on	True	(8
23	23_1	23_5ecbplus.xml	3	50	a	True	-
23	23_1	23_5ecbplus.xml	3	51	mountain	True	-
23	23_1	23_5ecbplus.xml	3	52	in	True	-
23	23_1	23_5ecbplus.xml	3	53	New	True	-
23	23_1	23_5ecbplus.xml	3	54	Zealand	True	8)
23	23_1	23_5ecbplus.xml	3	55	,	True	-
23	23_1	23_5ecbplus.xml	3	56	police	True	(4)
23	23_1	23_5ecbplus.xml	3	57	there	True	-
23	23_1	23_5ecbplus.xml	3	58	have	True	-
23	23_1	23_5ecbplus.xml	3	59	said	True	-
23	23_1	23_5ecbplus.xml	3	60	.	True	-
23	23_1	23_5ecbplus.xml	4	61	Robert	True	(1
23	23_1	23_5ecbplus.xml	4	62	Buckley	True	1)
23	23_1	23_5ecbplus.xml	4	63	,	True	-
23	23_1	23_5ecbplus.xml	4	64	32	True	-
23	23_1	23_5ecbplus.xml	4	65	,	True	-
23	23_1	23_5ecbplus.xml	4	66	died	True	-
23	23_1	23_5ecbplus.xml	4	67	while	True	-
23	23_1	23_5ecbplus.xml	4	68	climbing	True	-
23	23_1	23_5ecbplus.xml	4	69	to	True	-
23	23_1	23_5ecbplus.xml	4	70	a	True	-
23	23_1	23_5ecbplus.xml	4	71	hut	True	-
23	23_1	23_5ecbplus.xml	4	72	on	True	-
23	23_1	23_5ecbplus.xml	4	73	Mount	True	-
23	23_1	23_5ecbplus.xml	4	74	Sefton	True	-
23	23_1	23_5ecbplus.xml	4	75	in	True	-
23	23_1	23_5ecbplus.xml	4	76	the	True	-
23	23_1	23_5ecbplus.xml	4	77	Aoraki	True	-
23	23_1	23_5ecbplus.xml	4	78	Mount	True	-
23	23_1	23_5ecbplus.xml	4	79	Cook	True	-
23	23_1	23_5ecbplus.xml	4	80	National	True	-
23	23_1	23_5ecbplus.xml	4	81	Park	True	-
23	23_1	23_5ecbplus.xml	4	82	on	True	(5
23	23_1	23_5ecbplus.xml	4	83	Saturday	True	5)
23	23_1	23_5ecbplus.xml	4	84	.	True	-
23	23_1	23_5ecbplus.xml	13	211	Mr	True	-
23	23_1	23_5ecbplus.xml	13	212	Buckley's	True	(1)
23	23_1	23_5ecbplus.xml	13	213	death	True	-
23	23_1	23_5ecbplus.xml	13	214	came	True	-
23	23_1	23_5ecbplus.xml	13	215	a	True	(11
23	23_1	23_5ecbplus.xml	13	216	day	True	-
23	23_1	23_5ecbplus.xml	13	217	after	True	11)
23	23_1	23_5ecbplus.xml	13	218	36	True	-
23	23_1	23_5ecbplus.xml	13	219	-	True	-
23	23_1	23_5ecbplus.xml	13	220	year	True	-
23	23_1	23_5ecbplus.xml	13	221	-	True	-
23	23_1	23_5ecbplus.xml	13	222	old	True	-
23	23_1	23_5ecbplus.xml	13	223	Duncan	True	(6
23	23_1	23_5ecbplus.xml	13	224	Rait	True	6)
23	23_1	23_5ecbplus.xml	13	225	was	True	-
23	23_1	23_5ecbplus.xml	13	226	killed	True	-
23	23_1	23_5ecbplus.xml	13	227	after	True	-
23	23_1	23_5ecbplus.xml	13	228	slipping	True	-
23	23_1	23_5ecbplus.xml	13	229	and	True	-
23	23_1	23_5ecbplus.xml	13	230	falling	True	-
23	23_1	23_5ecbplus.xml	13	231	200ft	True	-
23	23_1	23_5ecbplus.xml	13	232	from	True	-
23	23_1	23_5ecbplus.xml	13	233	a	True	(0
23	23_1	23_5ecbplus.xml	13	234	ridge	True	-
23	23_1	23_5ecbplus.xml	13	235	in	True	-
23	23_1	23_5ecbplus.xml	13	236	the	True	-
23	23_1	23_5ecbplus.xml	13	237	same	True	-
23	23_1	23_5ecbplus.xml	13	238	national	True	-
23	23_1	23_5ecbplus.xml	13	239	park	True	0)
23	23_1	23_5ecbplus.xml	13	240	.	True	-
23	23_0	23_1ecb.xml	0	1	AN	True	-
23	23_0	23_1ecb.xml	0	2	AUSTRALIAN	True	-
23	23_0	23_1ecb.xml	0	3	climber	True	(36)
23	23_0	23_1ecb.xml	0	4	who	True	-
23	23_0	23_1ecb.xml	0	5	survived	True	-
23	23_0	23_1ecb.xml	0	6	two	True	(35
23	23_0	23_1ecb.xml	0	7	nights	True	35)
23	23_0	23_1ecb.xml	0	8	stuck	True	-
23	23_0	23_1ecb.xml	0	9	on	True	-
23	23_0	23_1ecb.xml	0	10	Mount	True	(32
23	23_0	23_1ecb.xml	0	11	Cook	True	32)
23	23_0	23_1ecb.xml	0	12	after	True	-
23	23_0	23_1ecb.xml	0	13	seeing	True	-
23	23_0	23_1ecb.xml	0	14	his	True	-
23	23_0	23_1ecb.xml	0	15	brother	True	(42)
23	23_0	23_1ecb.xml	0	16	die	True	-
23	23_0	23_1ecb.xml	0	17	narrowly	True	-
23	23_0	23_1ecb.xml	0	18	escaped	True	-
23	23_0	23_1ecb.xml	0	19	being	True	-
23	23_0	23_1ecb.xml	0	20	buried	True	-
23	23_0	23_1ecb.xml	0	21	alive	True	-
23	23_0	23_1ecb.xml	0	22	.	True	-
23	23_0	23_3ecb.xml	0	1	A	True	-
23	23_0	23_3ecb.xml	0	2	colleague	True	-
23	23_0	23_3ecb.xml	0	3	has	True	-
23	23_0	23_3ecb.xml	0	4	paid	True	-
23	23_0	23_3ecb.xml	0	5	tribute	True	-
23	23_0	23_3ecb.xml	0	6	to	True	-
23	23_0	23_3ecb.xml	0	7	a	True	-
23	23_0	23_3ecb.xml	0	8	Perth	True	(33)
23	23_0	23_3ecb.xml	0	9	doctor	True	-
23	23_0	23_3ecb.xml	0	10	feared	True	-
23	23_0	23_3ecb.xml	0	11	dead	True	-
23	23_0	23_3ecb.xml	0	12	after	True	-
23	23_0	23_3ecb.xml	0	13	a	True	-
23	23_0	23_3ecb.xml	0	14	fall	True	-
23	23_0	23_3ecb.xml	0	15	from	True	-
23	23_0	23_3ecb.xml	0	16	a	True	-
23	23_0	23_3ecb.xml	0	17	mountain	True	-
23	23_0	23_3ecb.xml	0	18	in	True	-
23	23_0	23_3ecb.xml	0	19	New	True	-
23	23_0	23_3ecb.xml	0	20	Zealand	True	-
23	23_0	23_3ecb.xml	0	21	.	True	-
23	23_1	23_1ecbplus.xml	1	30	Climber	True	(1)
23	23_1	23_1ecbplus.xml	1	31	dead	True	-
23	23_1	23_1ecbplus.xml	1	32	after	True	-
23	23_1	23_1ecbplus.xml	1	33	Aoraki	True	(12
23	23_1	23_1ecbplus.xml	1	34	Mount	True	-
23	23_1	23_1ecbplus.xml	1	35	Cook	True	12)
23	23_1	23_1ecbplus.xml	1	36	fall	True	-
23	23_1	23_1ecbplus.xml	3	47	A	True	-
23	23_1	23_1ecbplus.xml	3	48	36	True	-
23	23_1	23_1ecbplus.xml	3	49	-	True	-
23	23_1	23_1ecbplus.xml	3	50	year	True	-
23	23_1	23_1ecbplus.xml	3	51	-	True	-
23	23_1	23_1ecbplus.xml	3	52	old	True	-
23	23_1	23_1ecbplus.xml	3	53	Australian	True	-
23	23_1	23_1ecbplus.xml	3	54	climber	True	(1)
23	23_1	23_1ecbplus.xml	3	55	is	True	-
23	23_1	23_1ecbplus.xml	3	56	dead	True	-
23	23_1	23_1ecbplus.xml	3	57	after	True	-
23	23_1	23_1ecbplus.xml	3	58	falling	True	-
23	23_1	23_1ecbplus.xml	3	59	about	True	-
23	23_1	23_1ecbplus.xml	3	60	150	True	-
23	23_1	23_1ecbplus.xml	3	61	metres	True	-
23	23_1	23_1ecbplus.xml	3	62	at	True	(12
23	23_1	23_1ecbplus.xml	3	63	Aoraki	True	-
23	23_1	23_1ecbplus.xml	3	64	Mount	True	-
23	23_1	23_1ecbplus.xml	3	65	Cook	True	-
23	23_1	23_1ecbplus.xml	3	66	.	True	12)
23	23_1	23_1ecbplus.xml	4	67	The	True	-
23	23_1	23_1ecbplus.xml	4	68	man	True	(1)
23	23_1	23_1ecbplus.xml	4	69	,	True	-
23	23_1	23_1ecbplus.xml	4	70	from	True	-
23	23_1	23_1ecbplus.xml	4	71	Hampton	True	(7
23	23_1	23_1ecbplus.xml	4	72	East	True	7)
23	23_1	23_1ecbplus.xml	4	73	,	True	-
23	23_1	23_1ecbplus.xml	4	74	fell	True	-
23	23_1	23_1ecbplus.xml	4	75	in	True	(24
23	23_1	23_1ecbplus.xml	4	76	the	True	-
23	23_1	23_1ecbplus.xml	4	77	Tasman	True	-
23	23_1	23_1ecbplus.xml	4	78	Glacier	True	-
23	23_1	23_1ecbplus.xml	4	79	area	True	24)
23	23_1	23_1ecbplus.xml	4	80	.	True	-
23	23_1	23_1ecbplus.xml	7	131	The	True	-
23	23_1	23_1ecbplus.xml	7	132	man	True	(1)
23	23_1	23_1ecbplus.xml	7	133	is	True	-
23	23_1	23_1ecbplus.xml	7	134	thought	True	-
23	23_1	23_1ecbplus.xml	7	135	to	True	-
23	23_1	23_1ecbplus.xml	7	136	have	True	-
23	23_1	23_1ecbplus.xml	7	137	fallen	True	-
23	23_1	23_1ecbplus.xml	7	138	much	True	-
23	23_1	23_1ecbplus.xml	7	139	earlier	True	-
23	23_1	23_1ecbplus.xml	7	140	in	True	-
23	23_1	23_1ecbplus.xml	7	141	the	True	-
23	23_1	23_1ecbplus.xml	7	142	day	True	-
23	23_1	23_1ecbplus.xml	7	143	.	True	-
23	23_0	23_7ecb.xml	0	1	A	True	-
23	23_0	23_7ecb.xml	0	2	Perth	True	-
23	23_0	23_7ecb.xml	0	3	man	True	(36)
23	23_0	23_7ecb.xml	0	4	has	True	-
23	23_0	23_7ecb.xml	0	5	survived	True	-
23	23_0	23_7ecb.xml	0	6	after	True	-
23	23_0	23_7ecb.xml	0	7	spending	True	-
23	23_0	23_7ecb.xml	0	8	up	True	-
23	23_0	23_7ecb.xml	0	9	to	True	-
23	23_0	23_7ecb.xml	0	10	two	True	(35
23	23_0	23_7ecb.xml	0	11	nights	True	35)
23	23_0	23_7ecb.xml	0	12	in	True	(32
23	23_0	23_7ecb.xml	0	13	an	True	-
23	23_0	23_7ecb.xml	0	14	ice	True	-
23	23_0	23_7ecb.xml	0	15	cave	True	-
23	23_0	23_7ecb.xml	0	16	on	True	-
23	23_0	23_7ecb.xml	0	17	New	True	-
23	23_0	23_7ecb.xml	0	18	Zealand	True	-
23	23_0	23_7ecb.xml	0	19	's	True	-
23	23_0	23_7ecb.xml	0	20	Mt	True	-
23	23_0	23_7ecb.xml	0	21	Cook	True	32)
23	23_0	23_7ecb.xml	0	22	after	True	-
23	23_0	23_7ecb.xml	0	23	seeing	True	-
23	23_0	23_7ecb.xml	0	24	his	True	-
23	23_0	23_7ecb.xml	0	25	brother	True	(42)
23	23_0	23_7ecb.xml	0	26	fall	True	-
23	23_0	23_7ecb.xml	0	27	to	True	-
23	23_0	23_7ecb.xml	0	28	his	True	-
23	23_0	23_7ecb.xml	0	29	death	True	-
23	23_0	23_7ecb.xml	0	30	from	True	-
23	23_0	23_7ecb.xml	0	31	the	True	(43
23	23_0	23_7ecb.xml	0	32	country	True	-
23	23_0	23_7ecb.xml	0	33	's	True	-
23	23_0	23_7ecb.xml	0	34	highest	True	-
23	23_0	23_7ecb.xml	0	35	peak	True	43)
23	23_0	23_7ecb.xml	0	36	.	True	-
23	23_1	23_9ecbplus.xml	1	35	Australian	True	-
23	23_1	23_9ecbplus.xml	1	36	Ski	True	-
23	23_1	23_9ecbplus.xml	1	37	Mountaineer	True	(1)
23	23_1	23_9ecbplus.xml	1	38	Dies	True	-
23	23_1	23_9ecbplus.xml	1	39	in	True	-
23	23_1	23_9ecbplus.xml	1	40	Fall	True	-
23	23_1	23_9ecbplus.xml	1	41	in	True	(8
23	23_1	23_9ecbplus.xml	1	42	New	True	-
23	23_1	23_9ecbplus.xml	1	43	Zealand	True	8)
23	23_1	23_9ecbplus.xml	3	52	A	True	-
23	23_1	23_9ecbplus.xml	3	53	36	True	-
23	23_1	23_9ecbplus.xml	3	54	-	True	-
23	23_1	23_9ecbplus.xml	3	55	year	True	-
23	23_1	23_9ecbplus.xml	3	56	-	True	-
23	23_1	23_9ecbplus.xml	3	57	old	True	-
23	23_1	23_9ecbplus.xml	3	58	Australian	True	-
23	23_1	23_9ecbplus.xml	3	59	man	True	(1)
23	23_1	23_9ecbplus.xml	3	60	died	True	-
23	23_1	23_9ecbplus.xml	3	61	on	True	(5
23	23_1	23_9ecbplus.xml	3	62	Friday	True	5)
23	23_1	23_9ecbplus.xml	3	63	after	True	-
23	23_1	23_9ecbplus.xml	3	64	falling	True	-
23	23_1	23_9ecbplus.xml	3	65	150	True	-
23	23_1	23_9ecbplus.xml	3	66	meters	True	-
23	23_1	23_9ecbplus.xml	3	67	from	True	-
23	23_1	23_9ecbplus.xml	3	68	a	True	-
23	23_1	23_9ecbplus.xml	3	69	ridge	True	-
23	23_1	23_9ecbplus.xml	3	70	in	True	-
23	23_1	23_9ecbplus.xml	3	71	Aoraki	True	-
23	23_1	23_9ecbplus.xml	3	72	/	True	-
23	23_1	23_9ecbplus.xml	3	73	Mt	True	-
23	23_1	23_9ecbplus.xml	3	74	.	True	-
23	23_1	23_9ecbplus.xml	3	75	Cook	True	-
23	23_1	23_9ecbplus.xml	3	76	National	True	-
23	23_1	23_9ecbplus.xml	3	77	Park	True	-
23	23_1	23_9ecbplus.xml	3	78	on	True	-
23	23_1	23_9ecbplus.xml	3	79	New	True	-
23	23_1	23_9ecbplus.xml	3	80	Zealand	True	-
23	23_1	23_9ecbplus.xml	3	81	â€™	True	-
23	23_1	23_9ecbplus.xml	3	82	s	True	-
23	23_1	23_9ecbplus.xml	3	83	South	True	-
23	23_1	23_9ecbplus.xml	3	84	Island	True	-
23	23_1	23_9ecbplus.xml	3	85	.	True	-
23	23_1	23_2ecbplus.xml	1	30	Two	True	-
23	23_1	23_2ecbplus.xml	1	31	climbers	True	(10)
23	23_1	23_2ecbplus.xml	1	32	killed	True	-
23	23_1	23_2ecbplus.xml	1	33	in	True	-
23	23_1	23_2ecbplus.xml	1	34	Mt	True	(12
23	23_1	23_2ecbplus.xml	1	35	Cook	True	12)
23	23_1	23_2ecbplus.xml	1	36	falls	True	-
23	23_1	23_2ecbplus.xml	4	76	Inspector	True	-
23	23_1	23_2ecbplus.xml	4	77	Dave	True	-
23	23_1	23_2ecbplus.xml	4	78	Gaskin	True	-
23	23_1	23_2ecbplus.xml	4	79	said	True	-
23	23_1	23_2ecbplus.xml	4	80	the	True	-
23	23_1	23_2ecbplus.xml	4	81	man	True	(1)
23	23_1	23_2ecbplus.xml	4	82	fell	True	-
23	23_1	23_2ecbplus.xml	4	83	around	True	-
23	23_1	23_2ecbplus.xml	4	84	2000ft	True	-
23	23_1	23_2ecbplus.xml	4	85	(	True	-
23	23_1	23_2ecbplus.xml	4	86	609	True	-
23	23_1	23_2ecbplus.xml	4	87	metres	True	-
23	23_1	23_2ecbplus.xml	4	88	)	True	-
23	23_1	23_2ecbplus.xml	4	89	near	True	(25
23	23_1	23_2ecbplus.xml	4	90	the	True	-
23	23_1	23_2ecbplus.xml	4	91	Mount	True	-
23	23_1	23_2ecbplus.xml	4	92	Sefton	True	-
23	23_1	23_2ecbplus.xml	4	93	Bivvy	True	-
23	23_1	23_2ecbplus.xml	4	94	,	True	-
23	23_1	23_2ecbplus.xml	4	95	above	True	-
23	23_1	23_2ecbplus.xml	4	96	the	True	-
23	23_1	23_2ecbplus.xml	4	97	Mueller	True	-
23	23_1	23_2ecbplus.xml	4	98	Glacier	True	25)
23	23_1	23_2ecbplus.xml	4	99	.	True	-
23	23_1	23_2ecbplus.xml	15	276	Yesterday	True	(2)
23	23_1	23_2ecbplus.xml	15	277	,	True	-
23	23_1	23_2ecbplus.xml	15	278	a	True	-
23	23_1	23_2ecbplus.xml	15	279	36	True	-
23	23_1	23_2ecbplus.xml	15	280	-	True	-
23	23_1	23_2ecbplus.xml	15	281	year	True	-
23	23_1	23_2ecbplus.xml	15	282	-	True	-
23	23_1	23_2ecbplus.xml	15	283	old	True	-
23	23_1	23_2ecbplus.xml	15	284	Australian	True	-
23	23_1	23_2ecbplus.xml	15	285	climber	True	(1)
23	23_1	23_2ecbplus.xml	15	286	died	True	-
23	23_1	23_2ecbplus.xml	15	287	after	True	-
23	23_1	23_2ecbplus.xml	15	288	falling	True	-
23	23_1	23_2ecbplus.xml	15	289	about	True	-
23	23_1	23_2ecbplus.xml	15	290	150	True	-
23	23_1	23_2ecbplus.xml	15	291	metres	True	-
23	23_1	23_2ecbplus.xml	15	292	at	True	(12
23	23_1	23_2ecbplus.xml	15	293	Mt	True	-
23	23_1	23_2ecbplus.xml	15	294	Cook	True	12)
23	23_1	23_2ecbplus.xml	15	295	.	True	-
23	23_1	23_2ecbplus.xml	16	296	The	True	-
23	23_1	23_2ecbplus.xml	16	297	man	True	(1)
23	23_1	23_2ecbplus.xml	16	298	,	True	-
23	23_1	23_2ecbplus.xml	16	299	from	True	-
23	23_1	23_2ecbplus.xml	16	300	Hampton	True	(7
23	23_1	23_2ecbplus.xml	16	301	East	True	7)
23	23_1	23_2ecbplus.xml	16	302	,	True	-
23	23_1	23_2ecbplus.xml	16	303	fell	True	-
23	23_1	23_2ecbplus.xml	16	304	in	True	(24
23	23_1	23_2ecbplus.xml	16	305	the	True	-
23	23_1	23_2ecbplus.xml	16	306	Tasman	True	-
23	23_1	23_2ecbplus.xml	16	307	Glacier	True	-
23	23_1	23_2ecbplus.xml	16	308	area	True	24)
23	23_1	23_2ecbplus.xml	16	309	.	True	-
23	23_1	23_8ecbplus.xml	1	28	Second	True	-
23	23_1	23_8ecbplus.xml	1	29	man	True	(1)
23	23_1	23_8ecbplus.xml	1	30	dies	True	-
23	23_1	23_8ecbplus.xml	1	31	in	True	(0
23	23_1	23_8ecbplus.xml	1	32	Mt	True	-
23	23_1	23_8ecbplus.xml	1	33	Cook	True	-
23	23_1	23_8ecbplus.xml	1	34	National	True	-
23	23_1	23_8ecbplus.xml	1	35	Park	True	0)
23	23_1	23_8ecbplus.xml	3	43	A	True	-
23	23_1	23_8ecbplus.xml	3	44	second	True	-
23	23_1	23_8ecbplus.xml	3	45	man	True	(1)
23	23_1	23_8ecbplus.xml	3	46	has	True	-
23	23_1	23_8ecbplus.xml	3	47	fallen	True	-
23	23_1	23_8ecbplus.xml	3	48	to	True	-
23	23_1	23_8ecbplus.xml	3	49	his	True	(1)
23	23_1	23_8ecbplus.xml	3	50	death	True	-
23	23_1	23_8ecbplus.xml	3	51	in	True	(0
23	23_1	23_8ecbplus.xml	3	52	Aoraki	True	-
23	23_1	23_8ecbplus.xml	3	53	Mount	True	-
23	23_1	23_8ecbplus.xml	3	54	Cook	True	-
23	23_1	23_8ecbplus.xml	3	55	National	True	-
23	23_1	23_8ecbplus.xml	3	56	Park	True	0)
23	23_1	23_8ecbplus.xml	3	57	.	True	-
23	23_1	23_8ecbplus.xml	10	212	A	True	-
23	23_1	23_8ecbplus.xml	10	213	36	True	-
23	23_1	23_8ecbplus.xml	10	214	-	True	-
23	23_1	23_8ecbplus.xml	10	215	year	True	-
23	23_1	23_8ecbplus.xml	10	216	-	True	-
23	23_1	23_8ecbplus.xml	10	217	old	True	-
23	23_1	23_8ecbplus.xml	10	218	man	True	(1)
23	23_1	23_8ecbplus.xml	10	219	died	True	-
23	23_1	23_8ecbplus.xml	10	220	about	True	-
23	23_1	23_8ecbplus.xml	10	221	11am	True	-
23	23_1	23_8ecbplus.xml	10	222	on	True	-
23	23_1	23_8ecbplus.xml	10	223	Friday	True	-
23	23_1	23_8ecbplus.xml	10	224	after	True	-
23	23_1	23_8ecbplus.xml	10	225	he	True	(1)
23	23_1	23_8ecbplus.xml	10	226	slipped	True	-
23	23_1	23_8ecbplus.xml	10	227	and	True	-
23	23_1	23_8ecbplus.xml	10	228	fell	True	-
23	23_1	23_8ecbplus.xml	10	229	about	True	-
23	23_1	23_8ecbplus.xml	10	230	200m	True	-
23	23_1	23_8ecbplus.xml	10	231	down	True	-
23	23_1	23_8ecbplus.xml	10	232	a	True	-
23	23_1	23_8ecbplus.xml	10	233	steep	True	-
23	23_1	23_8ecbplus.xml	10	234	icy	True	-
23	23_1	23_8ecbplus.xml	10	235	gully	True	-
23	23_1	23_8ecbplus.xml	10	236	.	True	-
23	23_0	23_6ecb.xml	0	1	Miles	True	(31
23	23_0	23_6ecb.xml	0	2	Vinar	True	31)
23	23_0	23_6ecb.xml	0	3	spoke	True	-
23	23_0	23_6ecb.xml	0	4	to	True	-
23	23_0	23_6ecb.xml	0	5	ONE	True	-
23	23_0	23_6ecb.xml	0	6	News	True	-
23	23_0	23_6ecb.xml	0	7	about	True	-
23	23_0	23_6ecb.xml	0	8	seeing	True	-
23	23_0	23_6ecb.xml	0	9	his	True	-
23	23_0	23_6ecb.xml	0	10	brother	True	(42)
23	23_0	23_6ecb.xml	0	11	plunge	True	-
23	23_0	23_6ecb.xml	0	12	to	True	-
23	23_0	23_6ecb.xml	0	13	his	True	(36)
23	23_0	23_6ecb.xml	0	14	death	True	-
23	23_0	23_6ecb.xml	0	15	on	True	-
23	23_0	23_6ecb.xml	0	16	Thursday	True	-
23	23_0	23_6ecb.xml	0	17	,	True	-
23	23_0	23_6ecb.xml	0	18	and	True	-
23	23_0	23_6ecb.xml	0	19	about	True	-
23	23_0	23_6ecb.xml	0	20	his	True	(36)
23	23_0	23_6ecb.xml	0	21	own	True	-
23	23_0	23_6ecb.xml	0	22	desperate	True	-
23	23_0	23_6ecb.xml	0	23	battle	True	-
23	23_0	23_6ecb.xml	0	24	to	True	-
23	23_0	23_6ecb.xml	0	25	stay	True	-
23	23_0	23_6ecb.xml	0	26	alive	True	-
23	23_0	23_6ecb.xml	0	27	on	True	(40
23	23_0	23_6ecb.xml	0	28	the	True	-
23	23_0	23_6ecb.xml	0	29	mountain	True	40)
23	23_0	23_6ecb.xml	0	30	.	True	-
23	23_1	23_11ecbplus.xml	1	28	New	True	(8
23	23_1	23_11ecbplus.xml	1	29	Zealand	True	8)
23	23_1	23_11ecbplus.xml	1	30	:	True	-
23	23_1	23_11ecbplus.xml	1	31	British	True	-
23	23_1	23_11ecbplus.xml	1	32	Climber	True	(1)
23	23_1	23_11ecbplus.xml	1	33	Killed	True	-
23	23_1	23_11ecbplus.xml	1	34	In	True	-
23	23_1	23_11ecbplus.xml	1	35	Fall	True	-
23	23_1	23_11ecbplus.xml	3	45	A	True	-
23	23_1	23_11ecbplus.xml	3	46	32	True	-
23	23_1	23_11ecbplus.xml	3	47	-	True	-
23	23_1	23_11ecbplus.xml	3	48	year	True	-
23	23_1	23_11ecbplus.xml	3	49	-	True	-
23	23_1	23_11ecbplus.xml	3	50	old	True	-
23	23_1	23_11ecbplus.xml	3	51	British	True	-
23	23_1	23_11ecbplus.xml	3	52	climber	True	(1)
23	23_1	23_11ecbplus.xml	3	53	,	True	-
23	23_1	23_11ecbplus.xml	3	54	described	True	-
23	23_1	23_11ecbplus.xml	3	55	as	True	-
23	23_1	23_11ecbplus.xml	3	56	"lacking	True	-
23	23_1	23_11ecbplus.xml	3	57	experience"	True	-
23	23_1	23_11ecbplus.xml	3	58	,	True	-
23	23_1	23_11ecbplus.xml	3	59	dies	True	-
23	23_1	23_11ecbplus.xml	3	60	after	True	-
23	23_1	23_11ecbplus.xml	3	61	falling	True	-
23	23_1	23_11ecbplus.xml	3	62	from	True	-
23	23_1	23_11ecbplus.xml	3	63	a	True	(8
23	23_1	23_11ecbplus.xml	3	64	mountain	True	-
23	23_1	23_11ecbplus.xml	3	65	in	True	-
23	23_1	23_11ecbplus.xml	3	66	New	True	-
23	23_1	23_11ecbplus.xml	3	67	Zealand	True	8)
23	23_1	23_11ecbplus.xml	3	68	.	True	-
23	23_1	23_11ecbplus.xml	4	69	A	True	-
23	23_1	23_11ecbplus.xml	4	70	British	True	-
23	23_1	23_11ecbplus.xml	4	71	man	True	(1)
23	23_1	23_11ecbplus.xml	4	72	has	True	-
23	23_1	23_11ecbplus.xml	4	73	been	True	-
23	23_1	23_11ecbplus.xml	4	74	killed	True	-
23	23_1	23_11ecbplus.xml	4	75	after	True	-
23	23_1	23_11ecbplus.xml	4	76	falling	True	-
23	23_1	23_11ecbplus.xml	4	77	around	True	-
23	23_1	23_11ecbplus.xml	4	78	2	True	-
23	23_1	23_11ecbplus.xml	4	79	,	True	-
23	23_1	23_11ecbplus.xml	4	80	000ft	True	-
23	23_1	23_11ecbplus.xml	4	81	while	True	-
23	23_1	23_11ecbplus.xml	4	82	climbing	True	-
23	23_1	23_11ecbplus.xml	4	83	in	True	(8
23	23_1	23_11ecbplus.xml	4	84	New	True	-
23	23_1	23_11ecbplus.xml	4	85	Zealand	True	8)
23	23_1	23_11ecbplus.xml	4	86	.	True	-
23	23_1	23_11ecbplus.xml	12	208	Mr	True	-
23	23_1	23_11ecbplus.xml	12	209	Buckley's	True	(1)
23	23_1	23_11ecbplus.xml	12	210	death	True	-
23	23_1	23_11ecbplus.xml	12	211	came	True	-
23	23_1	23_11ecbplus.xml	12	212	a	True	(11
23	23_1	23_11ecbplus.xml	12	213	day	True	-
23	23_1	23_11ecbplus.xml	12	214	after	True	11)
23	23_1	23_11ecbplus.xml	12	215	36	True	-
23	23_1	23_11ecbplus.xml	12	216	-	True	-
23	23_1	23_11ecbplus.xml	12	217	year	True	-
23	23_1	23_11ecbplus.xml	12	218	-	True	-
23	23_1	23_11ecbplus.xml	12	219	old	True	-
23	23_1	23_11ecbplus.xml	12	220	Duncan	True	(6
23	23_1	23_11ecbplus.xml	12	221	Raite	True	6)
23	23_1	23_11ecbplus.xml	12	222	died	True	-
23	23_1	23_11ecbplus.xml	12	223	when	True	-
23	23_1	23_11ecbplus.xml	12	224	he	True	(1)
23	23_1	23_11ecbplus.xml	12	225	slipped	True	-
23	23_1	23_11ecbplus.xml	12	226	and	True	-
23	23_1	23_11ecbplus.xml	12	227	fell	True	-
23	23_1	23_11ecbplus.xml	12	228	around	True	-
23	23_1	23_11ecbplus.xml	12	229	200ft	True	-
23	23_1	23_11ecbplus.xml	12	230	from	True	(0
23	23_1	23_11ecbplus.xml	12	231	a	True	-
23	23_1	23_11ecbplus.xml	12	232	ridge	True	-
23	23_1	23_11ecbplus.xml	12	233	in	True	-
23	23_1	23_11ecbplus.xml	12	234	the	True	-
23	23_1	23_11ecbplus.xml	12	235	same	True	-
23	23_1	23_11ecbplus.xml	12	236	national	True	-
23	23_1	23_11ecbplus.xml	12	237	park	True	0)
23	23_1	23_11ecbplus.xml	12	238	.	True	-